id;code;detail;publication_date
1;valentine;energetically hm catch;2023-12-28T07:34:19
2;regularly left substantial;against vindicate week;2023-12-28T19:44:49
3;budge pish harvest;lovingly exhausted psst;2023-12-28T07:19:39
4;soft smoothly;so wetly;2023-12-29T01:09:51
5;whereas;as;2023-12-28T19:48:20
6;colorless young aha;tune on;2023-12-28T14:51:08
7;but sizzling;who;2023-12-28T03:45:01
8;within how harp;as mockingly instance;2023-12-29T01:28:02
9;lid;hastily tilt skim;2023-12-28T19:30:07
10;death next;whopping kneejerk mid;2023-12-28T16:15:54
