id;remark;status;publication_date
1;alongside;OPEN;2023-12-31T22:54:16
2;throw swiftly;CLOSED;2024-01-01T02:40:52
3;reproachfully curvy gland;CLOSED;2024-01-01T10:27:52
4;zowie laryngitis;WONT_IMPLEMENT;2023-12-31T17:50:35
5;than woof;IN_PROGRESS;2023-12-31T13:18:15
6;phooey;WAITING_FOR_RESPONSE;2024-01-01T06:39:07
7;inexperienced phooey yippee;WONT_IMPLEMENT;2023-12-31T15:56:31
8;while sweeten accusation;WAITING_FOR_RESPONSE;2024-01-01T11:21:34
9;ornament boohoo wave;REOPENED;2024-01-01T00:44:53
10;next;WONT_IMPLEMENT;2024-01-01T00:00:22
