id;name;file;file_content_type
1;gleefully scarily lunge;../fake-data/blob/hipster.png;image/png
2;blah netball;../fake-data/blob/hipster.png;image/png
3;wherever;../fake-data/blob/hipster.png;image/png
4;salaam almost;../fake-data/blob/hipster.png;image/png
5;if likewise anguish;../fake-data/blob/hipster.png;image/png
6;century even widow;../fake-data/blob/hipster.png;image/png
7;defensive times unselfish;../fake-data/blob/hipster.png;image/png
8;upon gregarious unsightly;../fake-data/blob/hipster.png;image/png
9;kindheartedly impartial;../fake-data/blob/hipster.png;image/png
10;curvy lest;../fake-data/blob/hipster.png;image/png
