id;full_name;dob;gender;mobile;photo;photo_content_type;citizenship_no;pan_no;category;detail;status
1;coaxingly;2024-01-07T16:34:12;atelier;ouch unlike;../fake-data/blob/hipster.png;image/png;fragment breathe since;whenever hungrily where;gosh;prefigure next;REOPENED
2;austere last scoop;2024-01-07T21:54:44;till;um irritably drat;../fake-data/blob/hipster.png;image/png;boohoo;vice coaxingly ah;variable;broadly honorable;CLOSED
3;anxiously;2024-01-07T18:51:52;toaster;round;../fake-data/blob/hipster.png;image/png;unless despite;before gap;never;nor personalise supposing;WAITING_FOR_RESPONSE
4;abaft impossible functionality;2024-01-07T19:32:30;winged;kid;../fake-data/blob/hipster.png;image/png;standoff upbeat acorn;deliberately as munch;how;alphabetize boohoo provided;WONT_IMPLEMENT
5;unselfish apropos woot;2024-01-08T01:30:30;refract mistrust;interestingly fondly;../fake-data/blob/hipster.png;image/png;yet dereference barring;criticize cede;compensate flee qua;how slacken;WONT_IMPLEMENT
6;blue fully;2024-01-07T14:57:21;seaside whoa mull;realign at very;../fake-data/blob/hipster.png;image/png;leafy;what finally avalanche;safely thoughtfully fabulous;mmm boohoo amber;OPEN
7;answer;2024-01-07T08:35:48;hm fork;sniveling acidify terribly;../fake-data/blob/hipster.png;image/png;thankfully fluffy mortified;physically inside;yippee pointless;sail which;VERIFIED
8;complexity where;2024-01-08T03:06:20;during;hefty however worshiper;../fake-data/blob/hipster.png;image/png;hourly honestly upbeat;when overdo nervously;likely forecast popular;weakly playful;WAITING_FOR_RESPONSE
9;knot;2024-01-07T09:48:52;buzzing evangelise beside;since;../fake-data/blob/hipster.png;image/png;bacon;seed deeply traditionalism;plow;yippee material;WONT_IMPLEMENT
10;hm duh;2024-01-07T16:29:11;resurface wary;ha whereas;../fake-data/blob/hipster.png;image/png;onto;enormous and;generous;furthermore greedily;WAITING_FOR_RESPONSE
