id;column_1;column_2;column_3;column_4;column_5;column_6;column_7;column_8;column_9;column_10;column_11;column_12;column_13;column_14;column_15;column_16;column_17;column_18;column_19;column_20;column_21;column_22;column_23;column_24;column_25;column_26;column_27;publication_date
1;chopsticks;ooze warm;incidentally busy;inborn;ouch;sizzle;meanwhile dimpled;unto;lighting bottom;opportunist how ultimately;epitomise;ew monthly likewise;belabour extrapolate fooey;joshingly;unaccountably breathalyse;geez commonly;as haunt;slime fully;since forceful;kissingly;ecumenist;during yahoo;thankful forthright;ouch;anonymise;tremendously than;beg astride;2023-12-20T10:18:06
2;proffer absent;boohoo defiantly;unless;apud;upset next mobilise;easily corral;what anti;but woot by;silently van athwart;meh;consequently phooey general;cosy murky whoa;after enthuse capitulate;ouch;palatable forest;between;abnormally;yippee youthful knowledgeable;lottery;on;prelude whoa anenst;sharply syndicate;forenenst instead who;along polite;wave huzzah;mmm inclusion boring;past;2023-12-21T04:30:23
3;beautiful;kosher;seriously apropos progenitor;whoever;constrict boohoo;recollect journalist benefit;mingle dealing;deeply unless;afford without;abaft useless;however down;chew;boohoo;loyally wasting extirpate;kind;cant the;provided crew mailing;circa pfft;fuzzy;keen;straw abstract compute;sleepily;yahoo defiantly when;astride correspond thread;how cleave beckon;while boo;drat;2023-12-21T01:42:37
4;respite;mmm defiantly;an journalist consequently;realistic cleverly;freely authentic equally;underneath warrior failing;bleakly until;carelessly;drab black;hm upbeat;bah spotless;carriage thankfully silhouette;noise excluding uh-huh;eek till scrunch;parenthesis;wasteful meh;yahoo carefree unethically;whoa;galumph;aside vivaciously;face pantsuit elegantly;truncate;indeed;roof fooey;aboard loyally indeed;hm inside;woefully that stark;2023-12-20T17:24:10
5;geez recording;instead spring even;loosely extrude;during categorize;or;sans energetic athwart;mishandle;often astride vague;than only;incidentally;incidentally panther;toward;numeric;marshland whenever operator;epithelium eek;following desert;worth briskly mmm;joyously shrilly;thoroughly or playfully;surprisingly;embryo;although papa lump;mesmerise pajamas;when mmm dust;go-kart in;anenst;lean pro mmm;2023-12-20T10:04:26
6;till up;diligently anti;tadpole cruelly;among mysterious;toward that foolishly;who;triumphantly toward perfumed;unnerve circa;reflecting;counsel;ouch constant woot;gadzooks boyfriend;quizzically experience lest;shift embarrassed;hoarse thankfully syringe;innovate council actually;while to keenly;likewise icy;nondisclosure spume feedback;potato;painfully offset fight;or reallocate;provided out mid;predicate wooden;roof per talk;that scrawny;meh diver before;2023-12-20T06:14:18
7;bomb fooey;for political;dirty juicy;oof afore;intent mockingly lest;good-natured;what boohoo since;repeat unnaturally yahoo;fruitful compass;finally guard dangle;comma boohoo;ah inexperienced;neon loyally extirpate;yahoo kookily whoa;forenenst however heckle;deeply;hence nominalize across;pfft;bleakly now theory;why yippee ha;consider acidly whereas;um yahoo whereas;when;ultimate;alongside;whose worth quarrelsomely;yowza vainly among;2023-12-20T09:57:40
8;instead before;solidly;or yesterday;unless urgently;nor termite;disengage click knavishly;publicity seagull;pish dynasty;externalize;hydrolyze although;pesky;during monthly;incidentally;yuck phooey apropos;up;supposing arrogantly;grateful mmm;plus unless fearless;silently how;worth;plus upright carefully;while bravely under;pathogenesis money apropos;restate down apud;brightly indeed;frivolous who fortunately;commonly documentary towards;2023-12-20T13:13:52
9;late unlike suggestion;er;since format;as;humble golf;forestall staid unbearably;overact warped;instead tremendously eek;striped;fooey;furthermore;inculcate;back per scale;gyro;suppression;bah ew apud;menacing beside channel;meanwhile aha;spatter;grave gee youthfully;oh;aw boogie genuine;agreeable productive;before;wail drag messy;next weird after;bequeath into;2023-12-20T05:08:22
10;shame;until;refusal famously;nicely;yuck violently wherever;almond box french;wonderfully;louse yippee concerning;finally but;along;once entire disloyal;now against aside;and;clinch;inasmuch invader;consider phew reproachfully;phew;conscious lest whose;cheesecake noisily abolish;electrocardiogram tightly well-to-do;heat;discovery prescribe gig;sour hm booking;since before uncover;whoever;punctually;strafe so;2023-12-20T11:40:51
